"id","name","created_at","updated_at"
1,"PERODUA ","2019-01-16 12:49:25.782481","2019-01-16 12:49:25.782481"
2,"PROTON","2019-01-16 12:49:25.954773","2019-01-16 12:49:25.954773"
3,"TOYOTA","2019-01-16 12:49:26.132302","2019-01-16 12:49:26.132302"
4,"NISSAN","2019-01-16 12:49:26.411484","2019-01-16 12:49:26.411484"
5,"HONDA ","2019-01-16 12:49:26.560505","2019-01-16 12:49:26.560505"
6,"AUDI ","2019-01-16 12:49:26.762133","2019-01-16 12:49:26.762133"
7,"KIA","2019-01-16 12:49:26.841861","2019-01-16 12:49:26.841861"
8,"MITSUBISHI ","2019-01-16 12:49:26.967776","2019-01-16 12:49:26.967776"
9,"BMW","2019-01-16 12:49:27.0745","2019-01-16 12:49:27.0745"
10,"HYUNDAI","2019-01-16 12:49:27.127497","2019-01-16 12:49:27.127497"
11,"FORD","2019-01-16 12:49:27.18489","2019-01-16 12:49:27.18489"
12,"SUZUKI","2019-01-16 12:49:27.240824","2019-01-16 12:49:27.240824"
13,"MERCEDES - BENZ","2019-01-16 12:49:27.270687","2019-01-16 12:49:27.270687"
14,"MAZDA ","2019-01-16 12:49:27.372492","2019-01-16 12:49:27.372492"
15,"PEUGEOT ","2019-01-16 12:49:27.44935","2019-01-16 12:49:27.44935"
16,"ASTON MARTIN","2019-01-28 02:53:38.589762","2019-01-28 02:53:38.589762"
17,"BENTLEY","2019-01-28 02:53:38.618909","2019-01-28 02:53:38.618909"
18,"FERRARI","2019-01-28 02:53:38.672679","2019-01-28 02:53:38.672679"
19,"JAGUAR","2019-01-28 02:53:38.775939","2019-01-28 02:53:38.775939"
20,"LAMBORGHINI","2019-01-28 02:53:38.901012","2019-01-28 02:53:38.901012"
21,"MINI","2019-01-28 02:53:39.025329","2019-01-28 02:53:39.025329"
22,"LAND ROVER","2019-01-28 02:53:39.223072","2019-01-28 02:53:39.223072"
23,"LEXUS","2019-01-28 02:53:39.374924","2019-01-28 02:53:39.374924"
24,"PORSCHE","2019-01-28 02:53:39.551305","2019-01-28 02:53:39.551305"
25,"SUBARU","2019-01-28 02:53:39.725516","2019-01-28 02:53:39.725516"
26,"VOLKSWAGEN","2019-01-28 02:53:39.875904","2019-01-28 02:53:39.875904"
27,"VOLVO","2019-01-28 02:53:40.103718","2019-01-28 02:53:40.103718"
28,"ROLLS ROYCE","2019-01-28 02:53:40.296643","2019-01-28 02:53:40.296643"
29,"ALFA ROMEO","2019-01-28 02:53:40.325921","2019-01-28 02:53:40.325921"
30,"MCLAREN","2019-01-28 02:53:40.484757","2019-01-28 02:53:40.484757"
31,"TESLA","2019-03-19 01:57:16.046475","2019-03-19 01:57:16.046475"
